Clay Stark;1000
Jennifer Julien;1001
Melanie Johnson;1002
Nat Sander;1003
Harper Gomez;1004
Bay Stark;1005
Melanie Zimmermann;1006
Rue Henry;1007
Harper Sander;1008
Sylvie Zimmermann;1009
John Stark;1010
Gregory Johnson;1011
Jennifer Murmann;1012
Clay Merline;1013
John Merline;1014
Harper Zimmermann;1015
Christopher Sander;1016
Harper Gomez;1017
Rue Henry;1018
Amber Johnson;1019
Mirelle Zucker;1020
Ash Washington;1021
Ash Johnson;1022
Christopher Stark;1023
Gerda Sander;1024
Gerda Zucker;1025
Mirelle Nagato;1026
Ash Gherkin;1027
Jeffrey Washington;1028
Bay Zimmermann;1029
Melanie Julien;1030
Ash Zimmermann;1031
Gerda Johnson;1032
Benny Stark;1033
Mirelle Zucker;1034
Bay Henry;1035
Melanie Sander;1036
Peter Washington;1037
Jennifer Julien;1038
Kai Gherkin;1039
Gregory Henry;1040
Rue Copperfield;1041
Jennifer Zucker;1042
Kai Zimmermann;1043
Jeffrey Julien;1044
John Cohen;1045
Ash Zucker;1046
Bay Gherkin;1047
Kai Paddington;1048
Izabella Zucker;1049
Izabella Paddington;1050
Clay Merline;1051
Izabella Stark;1052
Amber Cohen;1053
John Merline;1054
Nat Murmann;1055
Benny Zimmermann;1056
Gregory Zimmermann;1057
Mirelle Sander;1058
Sylvie Gomez;1059
Peter Gomez;1060
Jennifer Julien;1061
Blossom Zimmermann;1062
Izabella Merline;1063
Gerda Julien;1064
Blossom Henry;1065
Izabella Johnson;1066
Benny Merline;1067
Sylvie Murmann;1068
Sylvie Cohen;1069
Harper Murmann;1070
John Cohen;1071
Peter Paddington;1072
Kai Merline;1073
Benny Copperfield;1074
Ash Gherkin;1075
Gerda Henry;1076
Nat Stark;1077
Melanie Stark;1078
Peter Johnson;1079
Benny Copperfield;1080
Gerda Sander;1081
Peter Cohen;1082
Rue Zimmermann;1083
Clay Gherkin;1084
Gregory Johnson;1085
Ash Gherkin;1086
Christopher Johnson;1087
Jennifer Paddington;1088
Blossom Gherkin;1089
Izabella Murmann;1090
Mirelle Julien;1091
Jeffrey Copperfield;1092
Izabella Gomez;1093
Clay Merline;1094
Gregory Stark;1095
Amber Sander;1096
Izabella Gomez;1097
Izabella Cohen;1098
Benny Copperfield;1099